Asset Name,Industry,Service/Solution,Year Published,Audience,Asset Summary,Type,Format,Page Count,Marketing or Sales,Customer Journey,Inventory Recommendations,DAM Link,Audit Notes
High-performance power from anywhere.,Industry agnostic,HP Z,2025,ITDM,"Explains how HP Z Remote Access Solution with HP Anyware and racked HP Z workstations gives power users secured, high-performance remote access to data, apps, and AI workloads from any device, overcoming VDI and cloud limits while simplifying IT management, security, and remote collaboration.",Guide,Product,9,Marketing,Consideration,Leverage,https://assetmanager.hp.com/dam/assetdetails/asset:cc875bb2-fdf1-4be6-96b2-b7e382dda887,Strong guide for ITDMs evaluating secure remote access for power users. Leverage as-is for RAD. Consider atomizing into: (1) a short explainer video (30–60 sec) or (2) an infographic on the architecture and benefits.
Maximize productivity with AI workstation laptops.,Industry agnostic,HP Z,2025,ITDM,"Product-focused overview of HP ZBook mobile workstations with Intel Core Ultra processors, showing how AI-ready laptops deliver pro-grade performance, long battery life, secure hybrid work, and rich collaboration features for engineers, creatives and data teams needing workstation-class power anywhere.",Brochure,Product,6,Marketing,Consideration,Leverage,https://assetmanager.hp.com/dam/assetdetails/asset:c67464b4-aa5f-4bd8-9d39-a80c58e0e5a4/false?inav=false,"On-brand, AI-forward asset suited for RAD outreach to ITDMs and BDMs. Leverage as-is and consider atomizing into: (1) a blog/article on “AI workstation laptops for hybrid teams,” (2) a simple benefits-focused infographic, and (3) a short explainer video for use in social posts."
What is an AI workstation?,Industry agnostic,HP Z,2025,ITDM,"Explainer for IT leaders on why power users need AI workstations instead of standard laptops or pure cloud. Defines AI workstations, contrasts mobile vs desktop options, and highlights hybrid-work flexibility, upgradeable performance, ISV certification, AI-optimized processors, and hardware-enforced security to protect sensitive IP while scaling AI workloads.",Guide,Prescriptive,6,Marketing,Awareness,Leverage,https://discover.hp.com/ib-content-hub/items/what-is-an-ai-workstation,"Recent, on-brand explainer giving ITDMs a clear definition of AI workstations and guidance on performance, AI readiness, and security. Leverage as-is for awareness. Also good source for a blog/article or an atomized infographic."
The essential AI checklist: Future-proof your workforce in six simple steps,Industry agnostic,HP Future of Work,2025,ITDM,"One-page checklist that walks IT leaders through six steps to prepare their workforce for AI, from assessing the device fleet and support model to understanding personas, skills gaps, and high-performance needs, while highlighting the role of NPU-equipped Intel® Core™ Ultra-based HP AI PCs, security, and services.",Infographic,Product,1,Marketing,Awareness,Leverage,https://assetmanager.hp.com/dam/assetdetails/asset:d6a4d654-8a82-4e71-83a2-078e916f6538,"Clear, on-brand awareness asset that frames AI PC decisions around workforce readiness and IT support. Leverage as-is for RAD. Consider atomizing into prescriptuive a blog expanding the six steps or multiple short animation to be leveraged for social media posts."
Creating a sense of belonging at work,Industry agnostic,HP Future of Work,2025,BDM,"Article based on the HP Work Relationship Index outlining why belonging and connection drive productivity, innovation, and resilience. Explores foundations of a connected workplace, best practices for inclusive culture and employee resource groups, and how AI and collaboration technology can support more human-centered hybrid work.",Guide,Thought leadership,4,Marketing,Awareness,Upcycle,https://h20195.www2.hp.com/v2/GetPDF.aspx/4AA8-4777ENW.pdf,"Timely, on-brand thought leadership for BDMs on belonging, hybrid work, and AI. Opportunity to atomize into a blog summary or an infographic using WRI stats that links culture, AI tools, and HP hybrid work solutions. Since this asset is based on the 2024 findings of the WRI report, there is an opportunity to upcycle as per the latest findings of the WRI Report in 2025."
Workplace boundaries,Industry agnostic,HP Future of Work,2025,BDM,"Explores why workplace boundaries are critical in hybrid work models, using WRI data to show declining worker well-being and rising demand for personalization. Outlines cultural, policy, and technology strategies (such as right-to-disconnect trends and smarter collaboration tools) to support healthier, more productive work environments.",Guide,Thought leadership,4,Marketing,Awareness,Upcycle,https://h20195.www2.hp.com/v2/GetPDF.aspx/4AA8-4775ENW.pdf,"Strong WRI-backed POV for BDMs on culture, policy, and tech shifts needed for sustainable hybrid work. Atomize into a blog summarizing key stats or an infographic / one pager on boundary practices. Since this asset is based on the 2024 findings of the WRI report, there is an opportunity to upcycle as per the latest findings of the WRI Report in 2025."
Making the most of your workplace,Industry agnostic,HP Future of Work,2025,BDM,"Thought leadership piece showing how human-centered workplace design boosts wellbeing, focus, emotional health, and productivity. Uses WRI data to highlight worker preferences for distraction-free spaces and flexible, personalized environments, and outlines physical, mental, emotional, and personal-fulfillment dimensions of effective workplace design.",Guide,Thought leadership,4,Marketing,Awareness,Upcycle,https://h20195.www2.hp.com/v2/GetPDF.aspx/4AA8-4776ENW.pdf,"Solid, on-brand WRI-based POV for BDMs on workplace design and wellbeing. Atomize into a blog summarizing the four wellbeing dimensions and/or an infographic/one pager using WRI stats. Since this asset is based on the 2024 findings of the WRI report, there is an opportunity to upcycle as per the latest findings of the WRI Report in 2025."
Mastering IT in an era of transformation,Industry agnostic,HP Future of Work,2025,ITDM,"An ebook for IT leaders navigating economic pressure, hybrid work, cloud complexity, and rising security risks. Covers how AI PCs, predictive analytics, cloud ecosystems, and Zero-Trust security enable modernization, streamline operations, reduce friction, and strengthen resilience amid constant transformation.",Ebook,Thought leadership,13,Marketing,Awareness,Leverage,https://assetmanager.hp.com/dam/assetdetails/asset:89982465-b2b8-4edb-b34b-6bb9ef717c16,"Strong mid-funnel ITDM asset on AI modernization, cloud strategy, and security resilience. Leverage as-is for RAD, and consider aromizing into a derivative an infographic on key challenges/opportunities."
Transforming IT for the future of work,Industry agnostic,HP Future of Work,2025,ITDM,"An ebook detailing how hybrid and work-from-anywhere models strain IT with unpredictable needs, risks, and processes. Highlights how managed services, cloud-based analytics, automated ticketing, AI-driven security, and multi-layer endpoint protection help IT scale support, reduce burnout, and maintain resilience across distributed environments.",Ebook,Thought leadership,7,Marketing,Awareness,Leverage,https://assetmanager.hp.com/dam/assetdetails/asset:89982465-b2b8-4edb-b34b-6bb9ef717c16,"Strong, concise ITDM asset on WFA challenges, managed services, device security, and automation. Leverage for RAD. Consider atomizing into an infographic summarizing IT pain points and HP services."
IT's moment to lead the future of work.,Industry agnostic,HP Future of Work,2025,ITDM,"HP Next Gen AI PC focused infographic showing how outdated tools hinder innovation and how HP AI PCs help IT lead transformation. Highlights AI-driven productivity gains, analytics, collaboration tools, Zero-Trust security, and workforce experience insights that enable IT to shift from support to strategic growth leadership.",Infographic,Product,1,Marketing,Consideration,Leverage,https://assetmanager.hp.com/assets/share/asset/maku6utqpt,"Strong, high-level ITDM awareness asset linking AI PCs to modern productivity, collaboration, and security. Leverage as-is for RAD."
Bridging the divide: Aligning IT strategy with business execution.,Industry agnostic,HP Future of Work,2025,ITDM,"Thought leadership asset showing how IT can shift from reactive support to strategic business partner. Highlights alignment challenges, tech debt, and the need for integrated platforms, predictive analytics, zero-touch deployment, and collaboration tools that drive measurable business performance and employee outcomes.",Infographic,Thought leadership,1,Marketing,Awareness,Leverage,https://assetmanager.hp.com/dam/assetdetails/asset:7e3d9b8f-d5ac-4897-984d-0ee84ebd9781,"Strong, succinct ITDM-focused narrative on IT–business alignment, powered by WXP, automation, and collaboration solutions. Leverage as is for RAD."
Future-proof your IT for anywhere work.,Industry agnostic,HP Future of Work,2025,ITDM,"Thought leadership asset outlining how IT can adapt to rising expectations, hybrid complexity, and cloud-driven change. Covers modernization barriers, managed services adoption, outsourcing benefits, and HP solutions for automation, predictive support, secure digital workspaces, and expert advisory to build resilient, scalable IT.",Infographic,Thought leadership,1,Marketing,Awareness,Leverage,https://assetmanager.hp.com/dam/assetdetails/asset:d8a9d240-7455-4433-976c-61d750d2010d,"Strong awareness-level ITDM infographic on cloud value, managed services, and anywhere-work readiness. Leverage as-is for RAD."
Redefining resilience for the future of work.,Industry agnostic,HP Future of Work,2025,ITDM,"Security-focused asset outlining rising cyber risks amid AI adoption and hybrid work. Shows how HP AI PCs, Wolf Security, threat containment, remote lock/erase, and hardware-enforced isolation help IT establish Zero-Trust resilience while maintaining productivity across distributed teams.",Infographic,Product,1,Marketing,Awareness,Leverage,https://assetmanager.hp.com/dam/assetdetails/asset:df636cb6-5b7f-4c0a-82f2-dc4c4b65445b,"Strong ITDM awareness piece linking AI risk, ransomware surge hybrid endpoints, and HP’s Zero-Trust stack. Leverage as-is for RAD."
HP Workforce Experience Landing Page,Industry agnostic,HP Workforce Experience Platform,2025,ITDM,"The WXP landing page presents the platform as a cloud-native, OS-agnostic AI-powered DEX and fleet management solution, offering modules for fleet management, device & print management, collaboration, digital workspaces, endpoint security, and employee engagement, helping IT teams shift from infrastructure admins to strategic enablers by reducing digital friction, lowering costs, improving employee productivity, and enhancing security across hybrid work environments.",Landing page,Product,N/A,Marketing,Consideration,Leverage,https://workforceexperience.hp.com/,"This landing page is a high-value, high-visibility entry point for ITDMs (and BDMs as a secondary audience) evaluating DEX/fleet-management solutions. Recommend capturing key sections (feature list, ROI calculator, modules) into a static downloadable solution brief (PDF) and a short “WXP-at-a-glance” infographic."
The race is won before it even starts | HP Workforce Experience Platform,Industry agnostic,HP Workforce Experience Platform,2024,ITDM,"Short brand video using Scuderia Ferrari HP as an analogy for proactive performance. Shows how advanced analytics prevent issues before they impact drivers, mirroring how WXP removes digital friction, turns employee feedback into action, and improves digital employee experience by anticipating problems before they slow teams down.",Video,Thought leadership,N/A,Marketing,Consideration,Leverage,https://www.youtube.com/watch?v=e3OnedHc_Ew,Strong emotional/brand-level awareness asset positioning WXP as proactive and performance-driven. Leverage for RAD. Opportunity to atomize into a one-pager case-study style summary and/or pair it with paid/organic social media efforts.
HP IT delivers a great employee experience by leveraging the HP Workforce Experience Platform,Industry agnostic,HP Workforce Experience Platform,2024,ITDM,"Testimonial-driven video showing how HP’s IT team uses WXP, AI-enabled devices, and collaboration tech to deliver a human-centric digital employee experience. Highlights real-time telemetry, proactive issue resolution, data-driven decisions, 70% NPS improvement, 100% meeting room satisfaction, and significant productivity gains across the fleet.",Video,Product,N/A,Marketing,Consideration,Leverage,https://assetmanager.hp.com/dam/assetdetails/asset:66ccb512-66b0-4308-b152-23b1a5e66ddf/,"Strong real-world proof point for ITDMs showing measurable WXP impact (70% NPS lift, 100% room satisfaction). Leverage for RAD. Also an opportunity to atomize into a case-study one-pager, or a short infographic with the performance metrics."
Unleash the full power of your workforce with advanced IT fleet management,Industry agnostic,HP Workforce Experience Platform,2024,ITDM,"Three-page solution brief detailing how WXP centralizes multi-vendor, multi-OS fleet management. Describes benefits including real-time visibility, proactive issue prevention, anomaly detection, asset utilization insights, risk mitigation, security coverage, cost reduction, and data-driven planning to improve workforce productivity and IT efficiency.",Solution brief,Product,3,Marketing,Consideration,Leverage,https://h20195.www2.hp.com/v2/GetPDF.aspx/4AA8-4481ENW.pdf,"Clear, concise mid-funnel asset for ITDMs evaluating fleet management and DEX tooling. Leverage as-is for RAD."
"HP Workforce Experience Platform: Maximize employee productivity, minimize IT costs.",Industry agnostic,HP Workforce Experience Platform,2025,ITDM,"A deep technical and business ebook outlining how WXP centralizes telemetry, reduces digital friction, improves employee satisfaction, and optimizes endpoints across multi-OS fleets. Covers ROI modeling, device health monitoring, proactive remediation, security compliance, software optimization, add-on modules, integrations, and managed services that extend IT capacity.",Ebook,Product,25,Marketing,Consideration,Leverage,https://h20195.www2.hp.com/v2/GetPDF.aspx/4AA8-5013ENW.pdf,"Comprehensive WXP ebook ideal for mid- to late-stage ITDM evaluation. Strong detail on ROI, fleet health, remediation, and integrations. Leverage as-is. Consider atomizing into a one-pager or a derivative infographic for WXP overview."
Fixing problems before they're your problem: HP Workforce Experience Platform,Industry agnostic,HP Workforce Experience Platform,2025,ITDM,"A short, no-voiceover sizzle showing how WXP reduces IT escalations, uses AI to drive ROI, and converts billions of data points into real-time insights. Emphasizes proactive issue resolution, better collaboration, and global 24/7 management so IT teams can focus on strategy instead of disruption.",Video,Product,N/A,Marketing,Awareness,Leverage,https://www.youtube.com/watch?v=k0azXWb9IlU,"Strong top-funnel ITDM sizzle framing WXP as proactive, AI-powered, and experience-driven. Leverage for RAD. Opportunity to also pair with organic / paid social media efforts on social channels (i.e., LinkedIn, Facebook, X)."
HP Workforce Experience Platform Transforms Scuderia Ferrari’s Pursuit of Operational Excellence,Industry agnostic,HP Workforce Experience Platform,2025,ITDM,"Short testimonial-style video highlighting how Scuderia Ferrari relies on real-time data, remote engineering tools, and collaborative workflows to enhance performance. Shows how HP’s Workforce Experience Platform improves user experience, boosts management efficiency, reduces complexity, and strengthens collaboration across departments to drive operational excellence.",Video,Product,N/A,Marketing,Consideration,Leverage,https://www.youtube.com/watch?v=e3OnedHc_Ew,"Video links elite motorsport operations to WXP’s value pillars: management efficiency, simplified complexity, collaboration, and user experience. Leverage as-is for RAD, but also consider an opportunity to atomize into a one-pager case-study style summary and/or pair it with paid/organic social media efforts."
HP Workforce Experience Platform: Windows 11 Readiness,Industry agnostic,HP Workforce Experience Platform,2025,ITDM,"A demo walkthrough showing how WXP provides fleet-wide Windows 11 readiness intelligence. Highlights dashboards for compatibility, performance risks, outdated devices, required upgrades, and component-level issues such as warranty status, memory usage, disk capacity, and BSOD history, enabling IT to plan smooth migrations using AI-driven insights.",Video,Product,N/A,Sales,Decision,Leverage,https://workforceexperience.hp.com/demos/,High-value demo for ITDMs evaluating W11 migration readiness tools within WXP. Leverage as-is for RAD.
HP Workforce Experience Platform: Collaboration Insights,Industry agnostic,HP Workforce Experience Platform,2025,ITDM,"A demo video showing how WXP provides real-time visibility into collaboration health across UC platforms, devices, networks, and meeting rooms. Highlights experience scoring, meeting quality analytics, network issue detection, packet loss diagnostics, call-level insights, trend reporting, and automated analytics for ROI and IT planning.",Video,Product,N/A,Sales,Decision,Leverage,https://workforceexperience.hp.com/demos/,Strong demo for ITDMs evaluating UC performance analytics. Leverage as-is for RAD.
HP Workforce Experience Platform: Employee Engagement,Industry agnostic,HP Workforce Experience Platform,2025,ITDM,"A focused demo showing how WXP enables IT leaders to measure employee sentiment after remediation actions. Highlights deploying new pulses, segmenting audiences, analyzing star ratings, tracking issue movement, and using AI to summarize thousands of free-text comments, demonstrating how IT validates impact and improves digital employee experience.",Video,Product,N/A,Sales,Decision,Leverage,https://workforceexperience.hp.com/demos/,Valuable demo for ITDMs evaluating WXP’s engagement and feedback loops. Leverage as-is for RAD.
HP Workforce Experience Platform: Fleet Management,Industry agnostic,HP Workforce Experience Platform,2025,ITDM,"A demo showing how IT leaders use WXP to monitor fleet-wide experience scores, sentiment trends, OS and system health, and application performance. Demonstrates AI-powered analysis of survey feedback, crash diagnostics, and automated remediation scripts, enabling IT to resolve collaboration and software issues proactively across thousands of devices.",Video,Product,N/A,Sales,Decision,Leverage,https://workforceexperience.hp.com/demos/,High-value demo for ITDMs evaluating WXP’s fleet intelligence and automated remediation. Leverage as-is for RAD.
HP Workforce Experience Platform: Full Platform Demo,Industry agnostic,HP Workforce Experience Platform,2025,ITDM,"A full walkthrough of WXP showing how IT leaders monitor experience scores, sentiment, OS health, and application performance. Demonstrates AI-powered analysis of thousands of user comments, root-cause crash diagnostics, automated remediation scripts, and post-fix sentiment pulses that validate impact, improving fleet health and employee experience over time.",Video,Product,N/A,Sales,Decision,Leverage,https://hp.widen.net/s/t2rpjvdscp/hp-workforce-experience-platform-demo-video-full-platform-tour_m2849231,"Highly comprehensive demo covering end-to-end WXP workflows (i.e., sentiment, diagnostics, remediation, and impact validation). Leverage as-is for RAD."
Deloitte and AI4Animals,Professional Services,HP Z,2025,ITDM,"Case study on how Deloitte Netherlands uses HP Z Workstations and Solutions to power AI4Animals, a computer-vision system that monitors animal handling in slaughterhouses. High-performance compute speeds model training and detection accuracy, making rollout faster and more cost effective across 20+ European sites while advancing animal welfare and regulatory compliance.",Case study,Product,9,Marketing,Decision,Leverage,https://h20195.www2.hp.com/v2/GetDocument.aspx?docname=4AA8-4627ENW,"Compelling AI workload proof point for ITDMs weighing HP Z for compute-intensive computer-vision projects. Leverage for RAD. Atomize into a blog on AI workstations for real-world AI, a metrics infographic, and a short social video built around the AI4Animals story."
Empower your workforce to embrace AI and be a force for growth,Industry agnostic,HP Future of Work,2024,BDM,"One-page guide drawing on the 2024 HP Work Relationship Index to unpack why AI adoption stalls at work and how leaders can change it. Covers two core obstacles, time pressure and job-security fears, then offers practical ways to reframe AI as a personal productivity ally that creates time and increases worker value.",Infographic,Thought leadership,1,Marketing,Awareness,Upcycle,https://assetmanager.hp.com/assets/share/asset/pquwtdzsp4,"Useful BDM awareness piece linking AI adoption to workforce growth and Windows 11 Pro. Built on 2024 WRI data, so upcycle against the 2025 WRI findings before reuse. Atomize into a short blog and a stat-led infographic on the obstacles and fixes."
From Legacy to Leading Edge,Industry agnostic,HP Future of Work,2024,BDM,"Stat-driven infographic on why giving workers the right technology drives productivity, satisfaction, and growth. Uses HP Work Relationship Index data to show that most workers lack confidence in their employer’s tech choices, value personalization, and see AI as a competitive advantage, with trust and leadership framed as the high-engagement, high-profit formula.",Infographic,Thought leadership,1,Marketing,Awareness,Upcycle,https://assetmanager.hp.com/dam/assetdetails/asset%3A8a363956-cdb9-400c-b8ac-6b83bd027d99?inav=false,"Punchy BDM awareness asset on tools, personalization, and AI. Built on 2024 WRI data, so upcycle with 2025 WRI figures before reuse. Atomize into a blog expanding the trust-and-tech theme and a set of social statics for LinkedIn."
The Future of Work is being reshaped by young generations,Industry agnostic,HP Future of Work,2025,BDM,"Infographic on how younger generations are reshaping work, drawing on 2025 Work Relationship Index and World Economic Forum data. Shows Gen Z reaching 27% of the global workforce by the end of 2025, their distinct priorities, AI fluency, and side-venture rates, and what their expectations mean for how organizations attract and support emerging talent.",Infographic,Thought leadership,1,Marketing,Awareness,Leverage,https://hpinc.app.box.com/s/k1thx58161i3h8srzkcug6yyftk4wrmg,Fresh 2025-data BDM awareness piece on the generational shift and AI fluency. Leverage as-is for RAD. Atomize into a blog on preparing for a Gen Z workforce and a LinkedIn carousel built from the generational stats.
2025 Work Relationship Index,Industry agnostic,HP Future of Work,2025,BDM,"Headline infographic for the 2025 Work Relationship Index, showing the global workforce under pressure. Reports that only 20% of knowledge workers have a healthy relationship with work in 2025, down from 28% in 2024, with 41% now in the Critical Zone, and notes that businesses can influence 85% of the factors measured.",Infographic,Thought leadership,1,Marketing,Awareness,Leverage,https://hpinc.app.box.com/s/unqvpj2vf56hmvcpxp5i5hy0x73dd8m6,"High-value 2025-data awareness asset and the natural refresh source for older WRI pieces in the library. Leverage as-is for RAD. Atomize into a blog on the year-over-year decline and a stat infographic, and use it to upcycle 2024-based WRI assets."
HP IT Elevates Employee Experience and Engagement,Industry agnostic,HP Workforce Experience Platform,2025,ITDM,"Case study on how HP’s own IT team uses the HP Workforce Experience Platform to move beyond device management toward a human-centric employee experience. Features CIO and Chief Data Officer perspectives on AI-driven personalization, telemetry, and analytics, with a goal of giving employees back 10% of their time and putting wellbeing at the center of growth.",Case study,Product,8,Marketing,Decision,Leverage,https://www8.hp.com/h20195/v2/GetDocument.aspx?docname=4AA8-4075ENW,"Credible HP-on-HP proof point for ITDMs evaluating WXP. Leverage for RAD. Atomize into a case-study one-pager, a metrics infographic around the 10% time-back goal, and a short social video pairing the CIO quotes with WXP outcomes."
HP redefines PC refresh approach using performance data,Industry agnostic,HP Workforce Experience Platform,2024,ITDM,"Case study on how HP IT replaced age-based PC refresh with a data-driven model, using Workforce Experience Platform telemetry, employee sentiment, and fleet performance analytics to rank devices and prioritize the users most affected. The approach targets refreshes where they improve productivity most, extending device life where performance holds and optimizing hardware investment.",Case study,Product,5,Marketing,Decision,Leverage,https://www8.hp.com/h20195/v2/GetDocument.aspx?docname=4AA8-3291ENW,"Strong ITDM proof point for WXP-led, telemetry-driven refresh planning. Leverage for RAD. Atomize into a blog on data-driven refresh strategy, a before-and-after infographic, and a one-pager for IT asset and procurement teams."
"Maximize Employee Productivity, Minimize IT costs",Industry agnostic,HP Workforce Experience Platform,2025,ITDM,"Solution brief positioning the HP Workforce Experience Platform as an AI-powered way to shift IT from cost center to business accelerator. Covers full visibility across PCs, Macs, printers, and video endpoints, proactive issue resolution, employee sentiment analysis, and the option to layer HP professional and managed services for organizations that want expert support.",Brochure,Product,4,Marketing,Consideration,Leverage,https://hp.widen.net/s/xhwmfshgvz/final_hp-workforce-experience-platform_solution-brief_direct_4aa8-4877enw_5693304,Concise WXP overview for mid-funnel ITDM evaluation and a strong condensed companion to the full WXP ebook already in the library. Leverage as-is for RAD. Atomize into a WXP-at-a-glance infographic and a short explainer video.
Embrace flexible remote access that's fully data security compliant.,Financial Services,HP Anyware,2025,ITDM,"Finance-focused solution brief on HP Anyware for secure remote access to high-performance virtual workstations. Shows how traders and the third-party providers who support them gain low-latency responsiveness and full data-security compliance through centralized computing and Zero or Thin Client endpoints, protecting intellectual property and private client data while reducing trading-floor installation and downtime costs.",Solution brief,Product,5,Marketing,Consideration,Leverage,https://h20195.www2.hp.com/v2/GetDocument.aspx?docname=4AA8-1845ENW,Targeted ITDM brief for financial-services remote access and IP protection. Leverage as-is for RAD. Atomize into a finance-sector blog on secure trading-floor access and an infographic on the security and latency benefits.
"Rapid deployment and management of hybrid, multi-cloud virtual desktops and remote workstations",Industry agnostic,HP Anyware,2025,ITDM,"Solution brief on the enhanced HP Anyware and its Anyware Manager Enterprise control plane, a multi-tenant SaaS layer for deploying and scaling secure remote access. Highlights rapid, flexible deployments across devices and networks, a Zero Trust security model with VPN-less gateways, and a reduced IT footprint for government, media, finance, education, and design workforces.",Solution brief,Product,3,Marketing,Consideration,Leverage,https://hp.widen.net/s/v8mwfqmgr8/final_hp-anyware_general-solution-brief_direct_4aa8-1981enuc_4767910,"Clear ITDM brief on HP Anyware deployment, scale, and Zero Trust security. Leverage as-is for RAD. Atomize into a blog on simplifying VDI at scale and an infographic on the SaaS-first management model."
Strengthen security for government environments.,Government,HP Anyware,2025,ITDM,"Military and government solution brief on HP Anyware, delivering ultra-secure PCoIP access through lightweight endpoints and high-performance virtual workstations. Explains how federal, state, and local agencies and their contractors gain flexibility, responsiveness, and cost efficiency while staying security-compliant, with Zero Clients reducing IT workload, simplifying onboarding, and easing disaster recovery.",Solution brief,Product,5,Marketing,Consideration,Leverage,https://hp.widen.net/s/lhzvc6w68r/final_hp-anyware_mil--gov_sol-brief_direct_hr_4662058,Strong public-sector ITDM brief on secure remote access. Leverage as-is for RAD. Atomize into a government-sector blog on compliant remote work and an infographic on the PCoIP and Zero Client security benefits.
WWT's Customers Accomplish Business Outcomes with HP Anyware-Enabled Tech Infrastructure,Government,HP Anyware,2025,ITDM,"Case study on how World Wide Technology builds HP Anyware into the technology stacks it delivers to public and private sector customers. Describes secure, plug-and-play remote solutions and mobile field kits for government, military, and commercial demonstrations, using Zero and Thin Clients over PCoIP to provide flexible, cost-effective, high-performance access from host to endpoint.",Case study,Product,5,Marketing,Decision,Leverage,https://hp.widen.net/s/svfhsx9xjl/final_hp-anyware_wwt_case-study_direct_4aa8-2770enw_5263706,Useful channel and public-sector proof point for HP Anyware in real deployments. Leverage for RAD. Atomize into a case-study one-pager and a short social video on secure remote infrastructure for government and commercial use.
"Elevate print and document experiences with a transformational, modern solution",Industry agnostic,HP Managed Print Services,2026,ITDM,"Solution brief on HP Managed Print Services as a modern, end-to-end answer to hybrid-work print challenges. Covers secure tailored workflows, AI-driven proactive fleet management, and intelligence from the Workforce Experience Platform, with predictable payment models to control spend. Notes that 89% of organizations see MPS as important to their digital transformation efforts.",Solution brief,Product,2,Marketing,Consideration,Leverage,https://www8.hp.com/h20195/v2/GetDocument.aspx?docname=4AA8-4075ENW,"Strong mid-funnel ITDM brief tying MPS to security, sustainability, and digital transformation. Leverage as-is for RAD. Atomize into a blog on modern print management for hybrid work and an infographic on the MPS value pillars."
Houston Healthcare modernizes the print environment,Healthcare,HP Managed Print Services,2024,ITDM,"Case study on how Houston Healthcare, a Georgia provider serving 300,000 patients a year across 15 locations, modernized printing with HP Managed Print Services. Shows simpler, more reliable, secure print workflows that integrate with EHR platforms and support patient care, with print cost efficiency up 5%, improved uptime, and sustainable toner recycling handled by HP.",Case study,Product,4,Marketing,Decision,Leverage,https://www8.hp.com/h20195/v2/GetDocument.aspx?docname=4AA8-4001ENW,"Solid healthcare-sector ITDM proof point for MPS. Leverage for RAD. Atomize into a healthcare case-study one-pager and an infographic on the cost, uptime, and security outcomes."
U.S. Bank optimizes printing to reduce paper waste and increase recycling with HP,Financial Services,HP Managed Print Services,2025,ITDM,"Case study on how U.S. Bank used HP Managed Print Services and HP Secure Print to refresh an aging fleet and advance sustainability goals. Reports 34.6 million sheets of paper waste avoided, 153,000 pounds of printers securely recycled, 6 million pages prevented from printing, a projected 73% energy cost saving over 12 months, and 65% fewer print-related support incidents.",Case study,Product,5,Marketing,Decision,Leverage,https://h20195.www2.hp.com/v2/GetPDF.aspx/4AA8-4594ENW.pdf,"High-impact financial-services proof point with strong sustainability and ROI metrics. Leverage for RAD. Atomize into a case-study one-pager, a sustainability-metrics infographic, and social statics built around the paper and energy savings."
Successful Partnership Between STERNAUTO and Ribbex GmbH,Automotive,HP Managed Print Services,2025,ITDM,"Case study on how German vehicle dealership chain STERNAUTO, with 1,600 employees across 25 branches, modernized an aging 50-device printer fleet through HP partner Ribbex GmbH. Highlights fast spare-parts sourcing, efficient maintenance, and improved operational stability and security, meeting the company’s high efficiency and quality standards across its multi-brand dealership network.",Case study,Product,3,Marketing,Decision,Leverage,https://h20195.www2.hp.com/v2/GetPDF.aspx/4AA8-4899ENW.pdf,Useful automotive and channel-partner proof point for HP print solutions in EMEA. Leverage for RAD. Atomize into a case-study one-pager and a short partner-success social post.
iA Financial Group optimizes print environment,Financial Services,HP Managed Print Services,2023,ITDM,"Case study on how iA Financial Group, serving 4 million clients with more than 8,000 employees, optimized its print environment with HP Managed Print Services through partner Infolaser. Reports a 70% reduction in service calls, a 37% smaller copier fleet, automated toner replenishment, higher uptime, a consistent experience across offices, and measurable sustainability benefits.",Case study,Product,5,Marketing,Decision,Leverage,https://www8.hp.com/h20195/v2/GetDocument.aspx?docname=4AA7-5979ENW,Strong Canadian financial-services proof point for MPS with clear operational ROI. Leverage for RAD. Atomize into a case-study one-pager and an infographic on the service-call and fleet-reduction outcomes.
HP LaserJet Enterprise Print Portfolio For Banking & Financial Firms,Financial Services,HP LaserJet Enterprise,2024,ITDM,"Sector brochure for the HP LaserJet Enterprise Print Portfolio in banking and financial services. Positions HP as the world’s most secure printers, with Zero Trust user verification, device audit trails for Bank Secrecy Act and Sarbanes-Oxley compliance, secure mobile and remote printing, and control-panel and scan-to-Office features that speed document workflows for overloaded finance teams.",Brochure,Product,4,Marketing,Consideration,Leverage,https://hp.widen.net/s/rkdpvbnjjv/transactional_hp_brochure_bankingfinance_021026_6665156,Targeted financial-services ITDM brochure on secure print. Leverage as-is for RAD. Atomize into a finance blog on endpoint and print security and an infographic on the compliance and breach-cost stats.
HP LaserJet Enterprise Print Portfolio For Healthcare,Healthcare,HP LaserJet Enterprise,2024,ITDM,"Sector brochure for the HP LaserJet Enterprise Print Portfolio in healthcare. Frames secure printing as protection for patient data, with Zero Trust user verification, audit trails for HIPAA and Sarbanes-Oxley compliance, secure mobile and remote printing, and control-panel and scan-to-Office features that reduce manual steps so care teams can spend more time with patients.",Brochure,Product,4,Marketing,Consideration,Leverage,https://hp.widen.net/s/ltjbl7lnhv/transactional_hp_brochure_healthcare_021026_6665157,Targeted healthcare ITDM brochure on secure print and compliance. Leverage as-is for RAD. Atomize into a healthcare blog on print security and an infographic on the breach-cost and burnout stats.
HP Managed Collaboration Services Sets Stage for Seamless Collaboration,Industry agnostic,HP Managed Collaboration Services,2025,ITDM,"Case study on how HP uses HP Managed Collaboration Services, built with Poly products, to deliver consistent, equitable meeting experiences across hybrid work. Part of the HP on HP Program, it shows how the company simplifies room booking and video conferencing so employees never have to think about the technology, with collaboration positioned at the center of the workplace experience.",Case study,Product,8,Marketing,Decision,Leverage,https://h20195.www2.hp.com/v2/getpdf.aspx/4AA8-4210ENW.pdf?jumpid=va_ww_mu_mk_hc_r12192_aw_x_11006,"Credible HP-on-HP proof point for ITDMs evaluating managed collaboration. Leverage for RAD. Atomize into a case-study one-pager, an infographic on the collaboration outcomes, and a short social video on seamless meeting experiences."
Boost Collaboration. Maximize ROI.,Industry agnostic,HP Managed Collaboration Services,2025,ITDM,"Solution brief for HP Communication and Collaboration Professional Services, helping organizations define, design, and deploy collaboration environments. Positions HP’s global expertise to reduce risk, tailor solutions, conserve resources, and speed deployment, noting that only 23% of employees say their company currently provides the technology they need to work effectively.",Solution brief,Product,2,Marketing,Consideration,Leverage,https://h20195.www2.hp.com/v2/GetDocument.aspx?docname=4AA8-3482ENW&jumpid=va_ww_mu_mk_hc_r12192_aw_x_11006,Clear ITDM brief on collaboration professional services. Leverage as-is for RAD. Atomize into a blog on getting more from collaboration investments and an infographic on the services and ROI benefits.
Ericsson Provides 5G Solutions to Hybrid Workforce,Telecommunications,HP Managed Device Services,2025,ITDM,"Case study on how Ericsson, serving 130,000 users across 140 countries, secured and modernized its global hybrid workforce with HP Managed Device Services, HP Sure Admin and Sure Start BIOS protection, and 5G-enabled notebooks managed through a cloud-native approach. Reports device deployment time reduced by 400%, near 100% worldwide adoption, and cold boot times cut by an estimated 75%.",Case study,Product,4,Marketing,Decision,Leverage,https://www8.hp.com/h20195/v2/GetDocument.aspx?docname=4AA8-2650ENW,"Strong enterprise ITDM proof point for modern device management and endpoint security at global scale. Leverage for RAD. Atomize into a case-study one-pager, a metrics infographic, and a short social video on the deployment and boot-time gains."
Dr. Oetker Blends HP Services to Develop a Recipe for Success,Food & Beverage,HP Managed Device Services,2026,ITDM,"Case study on how multinational food producer Dr. Oetker, with nearly 17,000 employees across 40-plus countries, simplified IT operations using HP Device Provisioning Services, HP Proactive Insights, and Workforce Experience Platform telemetry. Standardizing a previously disparate device estate cut costs, reduced outages, improved uptime and repair processes, and lifted employee satisfaction worldwide.",Case study,Product,5,Marketing,Decision,Leverage,https://h20195.www2.hp.com/v2/GetPDF.aspx/4AA8-5279ENW.pdf,"Solid global enterprise proof point combining HP device services and WXP telemetry. Leverage for RAD. Atomize into a case-study one-pager and an infographic on the cost, uptime, and satisfaction outcomes."
Grove City College blends innovation and efficiency,Education,HP Managed Device Services,2023,ITDM,"Case study on how Grove City College standardized on HP Dragonfly PCs with a four-year HP Care Pack and Accidental Damage Protection to bring learning equity to 2,200 students. Deploying more than 800 new Dragonfly devices a year and managing print through partner NWN Carousel, the college simplified support, gained total cost of ownership benefits, and reduced IT burden as an HP qualified self-maintainer.",Case study,Product,5,Marketing,Decision,Upcycle,https://www8.hp.com/h20195/v2/GetDocument.aspx?docname=4AA8-2678ENA,"Useful education-sector proof point for device standardization and lifecycle support. Since this case study dates to 2023, upcycle by refreshing the metrics, product references, and any dated details before reuse for RAD. Atomize into an education case-study one-pager and an infographic on the TCO and support outcomes."
AI PC productivity meets workstation power,Industry agnostic,HP Z,2025,ITDM,"Square social graphic (1200x1200) for the HP ZBook AI workstation line, co-branded with the Intel Core Ultra badge and the campaign line Conquer Your Workload with Intel Core Ultra Processors. A power-user lifestyle image anchors the headline AI PC productivity meets workstation power, positioning the ZBook as the point where AI PC capability and desktop-class workstation performance meet for engineers, designers, and data scientists working away from their desks.",Social,Product,N/A,Marketing,Awareness,Leverage,,"Strong awareness-stage social unit for the AI workstation laptop push, visually and verbally aligned to the ZBook one-pager and brochure. Leverage as-is for RAD across paid and organic social (LinkedIn, Facebook). Run it as the top-of-funnel hook into the Maximize productivity one-pager, and test the productivity angle against the complex-workflows cut to see which drives more qualified traffic."
What one computer supercharges complex workflows?,Industry agnostic,HP Z,2025,ITDM,"Square social graphic (1200x1200) for the HP AI workstation line, co-branded with the Intel Core Ultra badge and the line Conquer Your Workload with Intel Core Ultra Processors. A focused-professional image carries the headline What one computer supercharges complex workflows, posing the laptop versus cloud versus workstation question to power users and steering them toward the AI workstation as the answer.",Social,Product,N/A,Marketing,Awareness,Leverage,,"Useful awareness-stage social unit built on the What is an AI workstation theme, framed as a question to spark engagement. Leverage as-is for RAD across paid and organic social (LinkedIn, Facebook). Point the click-through at the What is an AI workstation explainer, and run it as a paired set with the AI PC productivity meets workstation power cut."
AI-enhanced. Efficient. Ready for what's next.,Industry agnostic,HP Future of Work,2025,BDM,"Square digital ad (1080x1080, October 2025) from the HP and Intel BPS Alliance digital transformation campaign, co-branded with Intel Core Ultra and Intel vPro and the line That’s the power of Intel inside. A knowledge-worker image at a multi-monitor setup carries the headline AI-enhanced. Efficient. Ready for what’s next., positioning Intel vPro AI PCs as the foundation for efficient, future-ready work across the broader workforce.",Social,Product,N/A,Marketing,Awareness,Leverage,,"Broad digital transformation ad aimed at business decision makers, distinct in tone and audience from the power-user workstation cuts. Leverage as-is for RAD in paid social and display. Land the click-through on AI PC adoption or Future of Work content to match its wider audience, and run it as the BDM-facing awareness layer alongside the ITDM workstation social."
Performance for AI workflows,Industry agnostic,HP Z,2025,ITDM,"Video script (October 2025) for an HP Z Workstations and Solutions promo, co-branded under the line Conquer your workload with Intel Core Ultra Processors. The script moves through tackling intensive workflows, rendering in real time, visualizing data, experiencing built-in AI, and harnessing pro-level performance, building a capability-led case for HP Z and Intel Core Ultra among power users with demanding AI workloads.",Video,Product,N/A,Marketing,Consideration,Leverage,,"Capability-led HP Z product video for ITDM consideration, the video companion to the AI workstation one-pagers and social. Leverage for RAD once produced, as the anchor of the AI workstation campaign. Atomize into short vertical social cutdowns per capability claim, a captioned silent-autoplay version for feeds, and a one-pager of the performance points."
Manufacturing and technology giant revolutionizes its print infrastructure with HP,Manufacturing,HP Managed Print Services,2023,ITDM,"Case study on how a global manufacturing and technology giant replaced Xerox with HP to modernize its print infrastructure. Frustrated by Xerox's lagging momentum, the company moved to HP Managed Print Services and a print security assessment, deploying HP Security Manager, HP Advance, and JetAdvantage Workpath. HP stood up a proof-of-concept pilot in four months, the customer skipped a formal RFP, and the model now guides regional rollouts, with sustainability and carbon-neutral printing central to the partnership.",Case study,Product,N/A,Marketing,Consideration,Leverage,,"Useful competitive-displacement proof point showing a manufacturer switching from Xerox to HP, strong for ITDM and procurement conversations on managed print and print security. The customer is unnamed and the story carries no hard metrics, and it dates to 2023, so upcycle by refreshing the details and adding quantified outcomes if available before reuse for RAD. Atomize into a competitive-switch blog, a one-pager on the four-month pilot, and a security-and-sustainability infographic."
